
INSERT INTO CUSTOMER (Customer_Id, Id_card_customer , Customer_fname, Customer_sname, Tel_number_owner, Customer_address)
VALUES 
('0267-0011', '6393364593767', 'กิตติพัทธ์', 'นินทรัพย์', '098-3508888', 'เลขที่ 50 ถนนงามวงศ์วาน ต.ลาดยาว อ.จตุจักร กรุงเทพฯ'),
('1285-6577', '4398262295099', 'อาทิตย์', 'สุวรรณรัตน์', '099-2654875', '11/01 ถนนสุขุมวิท แขวงบางนา เขตบางนา กรุงเทพฯ'),
('011-020', '9083266285615', 'ธนภัทร', 'ภักดีรักษ์', '060-5749632', '150/2 ถนนพระราม 1 แขวงปทุมวัน เขตปทุมวัน กรุงเทพฯ'),
('0154-3267', '8195495025959', 'ภีมวัจน์', 'ชัยศิริ', '085-6548791', 'เลขที่ 200 ถนนเพชรบุรีตัดใหม่ แขวงบางกะปิ เขตห้วยขวาง กรุงเทพฯ'),
('0863-4331', '7569507870892', 'พิชญาภา', 'นภากาศ', '088-5471231', 'เลขที่ 114 ถนนพระราม 4 แขวงคลองเตย เขตคลองเตย กรุงเทพฯ'),
('025-048', '7130648169924', 'รินลดา', 'วรัญญา', '061-1517524', '15/64 ถนนพระราม 3 แขวงบางโพงพาง เขตยานนาวา กรุงเทพฯ'),
('087-564', '4928101979942', 'กวินธร', 'ศรีสุริยงค์', '092-4782555', '135/52 ถนนเจริญกรุง แขวงบางรัก เขตบางรัก กรุงเทพฯ'),
('182-642', '3128908290510', 'ชญานิษฐ์', 'จิรวัฒน์', '094-4762347', '114/20 ถนนพระอาทิตย์ แขวงพระบรมมหาราชวัง เขตพระนคร กรุงเทพฯ'),
('3698-8639', '0397504806355', 'ภาวิณี', 'วัชรพล', '087-8791226', 'เลขที่ 32 ถนนราชดำริ แขวงลุมพินี เขตปทุมวัน กรุงเทพฯ'),
('0752-5146', '4241331875839', 'ภควัต', 'เตชะวุฒิ', '069-9475483', 'เลขที่ 47 ถนนสาทร แขวงทุ่งมหาเมฆ เขตสาทร กรุงเทพฯ'),
('0017-3240', '5816376959605', 'ศศิ', 'ไชยสงคราม', '061-5174172', 'เลขที่ 200 ถนนเพชรบุรี แขวงบางกะปิ เขตห้วยขวาง กรุงเทพฯ'),
('112-693', '3126425297691', 'กมนทัต', 'บุญเทพ', '093-4784546', '100/24 ถนนพระราม 9 แขวงสวนหลวง เขตสวนหลวง กรุงเทพฯ');



INSERT INTO PET (HN, Category, Breed, Pet_name, Birthdate, Sex, `Weight`)
VALUES ('0166-025-2', 'สุนัข', 'French Bulldog', 'ด้วง', '2567-02-04', 'M', '15.0 kg'),
       ('015-246', 'แมว', 'Khao Manee', 'ไข่ต้ม', '2565-11-12', 'M', '2.4 kg'),
       ('044-871', 'แมว', 'Munchkin', 'ชาบู', '2560-04-27', 'FM',' 5.3 kg'),
       ('01258-897', 'นก', 'Cockatiel', 'กิ่ง', '2566-07-06', 'FM', '0.2 kg'),
       ('1354-011-3', 'สุนัข', 'Pitbull', 'หมูปิ้ง', '2563-05-18', 'M', '11.6 kg'),
       ('00225-010', 'หนู', 'Hamster', 'ทาโร่', '2566-12-22', 'FM', '0.1 kg'),
       ('0115-998-7', 'สุนัข', 'Shih Tzu', 'มาจา', '2562-02-14', 'M', '3.3 kg'),
       ('084-612', 'แมว', 'Ragdolls', 'ลาเต้', '2566-01-30', 'M', '2.1 kg'),
       ('0024-066-1', 'สุนัข', 'Dachshund', 'โนบิ', '2559-09-20', 'FM', '4.1 kg');



INSERT INTO CONGENITAL_DISEASE (Congenital_disease_thing)
VALUES 
('ไม่มี'),
('โรคไต'),
('โรคหัวใจสุนัข');


INSERT INTO ALLERGY (Allergic_thing)
VALUES 
('ถั่ว'),
('ไม่มี'),
('นมแพะ');



INSERT INTO HAS_CONGENITAL_DISEASE (HN, Congenital_disease_thing)
VALUES 
('044-871', 'ไม่มี'),
('01258-897', 'โรคไต'),
('1354-011-3', 'โรคหัวใจสุนัข'),
('00225-010', 'ไม่มี');


INSERT INTO HAS_ALLERGY (HN, Allergic_thing)
VALUES 
('044-871', 'ถั่ว'),
('01258-897', 'ไม่มี'),
('1354-011-3', 'ไม่มี'),
('00225-010', 'นมแพะ');


INSERT INTO Prescription (Prescription_Id, Prescription_date, Quantity)
VALUES 
('0155-6533', '1966-01-17', '10 เม็ด'),
('6848-4561', '1966-11-23', '1 ขวด'),
('2448-9952', '1966-12-05', '7 เม็ด'),
('1563-3844', '1967-03-01', '5 เม็ด');




INSERT INTO MEDICINE_INFO ( Medicine_name, Medicine_detail)
VALUES 
('Chlorphenilamine','ยาแก้แพ้'),
('Carprofen','ลดอาการปวดและอักเสบ'),
('Amoxicillin', 'รักษาการติดเชื้อแบคทีเรีย' ),
('Pyrantel Pamoate', 'กำจัดพยาธิภายในในสัตว์เลี้ยง');




INSERT INTO Medicine (Medicine_Id, Medicine_Name, Medicine_price, `Usage`, Dose, Expiration_Date)
VALUES 
('2564-4862', 'Chlorphenilamine', 35.0, 'เม็ด', '4 mg', '1970-03-18'),
('1124-5633', 'Carprofen', 15.0, 'เม็ด', '25 mg', '1971-06-02'),
('2981-7762', 'Amoxicillin', 60.0, 'เม็ด', '500 mg', '1969-11-14'),
('3002-0011', 'Pyrantel Pamoate', 400.0, 'น้ำ', '50 mg/mL', '1970-04-30');



INSERT INTO EMPLOYEE (  Employee_id, Employee_fname, Employee_sname,Id_card_employee,  Salary, Tel_number_employee, Employee_address, Position )
VALUES
('01775-0146', 'วิทยากร', 'จันโยธี', '9062-4956-6', 20000.0, '088-8611426', '100/2458 ต.บางตลาด อ.ปากเกร็ด นนทบุรี', 'Doctor'),
('00122-0064', 'นิชาภรณ์', 'วัชรกิจ', '8235-7946-0', 30000.0, '081-8256741', 'เลขที่ 1 ถนนติวานนท์ แขวงท่าอิฐ เขตเมืองนนทบุรี จังหวัดนนทบุรี', 'Doctor'),
('01383-0277', 'นัทนิธิ', 'ประชายุต', '4317-9056-8', 30000.0, '092-3654798', 'เลขที่ 62 ถนนพระราม 6 แขวงบางรัก เขตบางรัก กรุงเทพฯ', 'Doctor'),
('02114-1499', 'ณัฐรัชต์', 'ชาติสมบัติ', '6574-1082-3', 25000.0, '060-5619784', 'เลขที่ 4 ถนนเจริญกรุง แขวงบางรัก เขตบางรัก กรุงเทพฯ', 'Doctor'),
('02866-3221', 'อภิชญา', 'รัตนกิโกศล', '9182-3506-4', 15000.0, '099-5789234', '120/42 ถนนบางแวก แขวงบางแวก เขตบางแวก กรุงเทพฯ', 'Groomer'),
('01744-2210', 'สุชาวดี', 'ศิริธารา', '3958-7214-6', 16000.0, '061-1354985', 'เลขที่ 81 ถนนพระราม 1 แขวงปทุมวัน เขตปทุมวัน กรุงเทพฯ', 'Staff'),
('03001-1102', 'นโรตม์', 'พิจิตเจริญ', '6541-7894-0', 15000.0, '084-2165478', 'เลขที่ 120 ถนนสุขุมวิท แขวงคลองเตย เขตคลองเตย กรุงเทพฯ', 'Groomer'),
('00293-4410', 'ภูริพัฒน์', 'สุพรรณ', '3547-7891-1', 18000.0, '088-5184896', 'เลขที่ 96 ถนนพระราม 3 แขวงบางโพงพาง เขตยานนาวา กรุงเทพฯ', 'Staff'),
('01233-9077', 'รัฐภาคย์', 'เรืองทิพย์', '8978-7841-9', 15000.0, '063-5418974', 'เลขที่ 45 ถนนเพชรบุรีตัดใหม่ แขวงบางกะปิ เขตห้วยขวาง กรุงเทพฯ', 'Staff'),
('02261-0013', 'มาริษา', 'ศิริโกศล', '9745-6514-2', 16000.0, '091-3219894', 'เลขที่ 4 ถนนพระอาทิตย์ แขวงบางกอกน้อย เขตบางกอกน้อย กรุงเทพฯ', 'Staff');



INSERT INTO DOCTOR (Employee_id, DF)
VALUES 
('01775-0146', 1200),
('00122-0064', 1000),
('01383-0277', 1300),
('02114-1499', 1500);


INSERT INTO STAFF (Employee_id)
VALUES 
('00293-4410'),
('01233-9077'),
('01744-2210'),
('02261-0013');



INSERT INTO GROOMER (Employee_id)
VALUES 
('02866-3221'),
('03001-1102');


INSERT INTO Treatment (Treatment_Id, CC, Date_treatment, Cure_Detail, Severity, `Type`, Temp, HN, Employee_Id)
VALUES 
('1497-1243-6', 'ผื่นขึ้นทั้งตัว','2567-01-31', 'ให้ยาชนิด เม็ด 3 ครั้งต่อวัน เป็นเวลา 10 วัน', 'ทั่วไป', 'OPD', '102.2 F', '0166-025-2', '01383-0277'),
('1675-149-2-4', 'อาการบาดเจ็บบริเวณดวงตา',' 2567-02-02', 'ให้ยาหยอดตา 2 ครั้งต่อวัน', 'ทั่วไป', 'OPD', '101.3 F', '015-246', '00122-0064'),
('1245-179-3-5', 'ปัสสาวะไม่ออก', '2567-02-03' , 'ระบายปัสสาวะที่คั่งค้างรักษาทางยา', 'ทั่วไป', 'IPD', '98.4 F', '044-871', '01383-0277'),
('1879-146-4-8', 'ฉีดวัคซีน', '2567-02-03', 'ฉีดวัคซีนกันโรค', 'ทั่วไป', 'OPD', '100.8 F', '01258-897', '01383-0277'),
('1179-489-2-2', 'สำลักอาหาร',  '2567-02-03', 'ไล่สิ่งแปลกปลอมจากบริเวณปลายลำคอ', 'ทั่วไป', 'OPD', '97.5 F', '1354-011-3', '01383-0277'),
('1489-795-4-4', 'พิษจากสารเคมี', '2567-02-06', 'ให้ยาทำให้อาเจียนและพักรักษาตัว', 'ทั่วไป', 'OPD', '105.9 F', '00225-010', '02114-1499'),
('1789-495-1-6', 'ติดเชื้อรา','2567-02-07', 'ทายาบริเวณใต้ท้องเป็นเวลา 3 วัน', 'ทั่วไป', 'IPD', '94.4 F', '0115-998-7', '01383-0277'),
('1879-759-4-1', 'ลำไส้อักเสบ','2567-02-07', 'งดน้ำงดอาหาร เป็นเวลา 1 วัน ให้สารน้ำทางใต้ผิวหนัง', 'ทั่วไป', 'IPD', '94.1 F', '084-612', '01775-0146'),
('1245-156-5-3', 'ฉีดวัคซีน', '2564-02-12', 'ฉีดวัคซีนกันไข้หวัด', 'ทั่วไป', 'OPD', '108.4 F', '0024-066-1', '01383-0277');



INSERT INTO IPD (AN, Ward_Id, Date_check_in_ipd, Date_check_out_ipd, Treatment_Id)
VALUES 
('8794-4111-2', '011', '2567-01-20', '2567-01-24', '1497-1243-6'),
('7845-1477-1', '044', '2567-02-02', '2567-02-03', '1675-149-2-4'),
('6418-4155-2', '055', '2567-02-03', '2567-02-05', '1245-179-3-5'),
('7246-1477-2', '044', '2567-02-03', '2567-02-04', '1879-146-4-8'),
('5794-1411-1', '022', '2567-02-03', '2567-02-04', '1179-489-2-2'),
('4547-4155-1', '033', '2567-02-06', '2567-02-07', '1489-795-4-4'),
('7895-2988-3', '011', '2567-02-07', '2567-02-10', '1789-495-1-6'),
('4188-7488-2', '044', '2567-02-07', '2567-02-11', '1879-759-4-1'),
('4818-5755-1', '011', '2567-02-10', '2567-02-11', '1245-156-5-3');




INSERT INTO Appointment (Appointment_Id, Date_Appointment, Appointment_Detail, `Status`, Treatment_Id)
VALUES 
('1124-9810', '2567-02-03', 'นัดหมายฉัดวีคซันป้องกันโรค', 'เสร็จสิ้น', '1879-146-4-8'),
('1124-9820', '2567-02-11', 'นัดหมายฉีดวัคซีนป้องกันโรค', 'รอการดำเนินการ', '1497-1243-6'),
('1124-9830', '2564-02-12', 'นัดหมายฉีดวัคซีนป้องกันโรค', 'รอการดำเนินการ', '1245-156-5-3');


INSERT INTO RECEIPT_GROOMING (Receipt_grooming_id, Total_grooming_charges, Payment_grooming_date)
VALUES 
('EXP7108655', 600.00, '2566-12-20'),
('EXP6457421', 400.00, '2566-12-22'),
('EXP5467912', 450.00, '2566-12-25'),
('EXP1975421', 700.00, '2566-12-29'),
('EXP3289751', 600.00, '2567-02-04'),
('EXP5764826', 400.00, '2567-02-09'),
('EXP6784512', 700.00, '2567-02-13'),
('EXP9432821', 650.00, '2567-02-18'),
('EXP9662782', 1000.00, '2567-02-19');

INSERT INTO GROOMING (Grooming_id, Groom_date, Groom_detail, Grooming_price, Employee_id, HN, Receipt_grooming_id)
VALUES 
('01775-0146', '2566-12-19', 'อาบน้ำ', 650, '02866-3221', '0166-025-2', 'EXP7108655'),
('01383-0277', '2566-12-20', 'อาบน้ำ', 300, '03001-1102', '015-246', 'EXP6457421'),
('02114-1499', '2566-12-22', 'ตัดขน', 450, '02866-3221', '044-871', 'EXP5467912'),
('02114-1480', '2566-12-25', 'อาบน้ำ', 800, '03001-1102', '01258-897', 'EXP1975421'),
('02866-3222', '2566-12-29', 'ตัดขน', 600, '02866-3221', '1354-011-3', 'EXP3289751'),
('01744-2210', '2567-02-09', 'ตัดขน', 700, '03001-1102', '0115-998-7', 'EXP6784512'),
('02866-3221', '2567-02-13', 'ตัดขน', 650, '02866-3221', '084-612', 'EXP9432821'),
('01383-0278', '2567-02-18', 'อาบน้ำ', 950, '03001-1102', '0024-066-1', 'EXP9662782');





INSERT INTO RECEIPT_STAY (Receipt_stay_id, Total_stay_charges, Payment_stay_date)
VALUES 
('6848-4561', 800.00, '2566-12-19'),
('2425-4651', 500.00, '2566-12-20'),
('6920-2104', 700.00, '2566-12-22'),
('4530-2516', 700.00, '2566-12-25'),
('1594-3297', 1000.00, '2566-12-29'),
('7356-0245', 800.00, '2567-02-04'),
('0239-2504', 600.00, '2567-02-09'),
('6723-0247', 500.00, '2567-02-13'),
('6949-2256', 600.00, '2567-02-18');

INSERT INTO Staying_Session (Stay_id, Room_id, Room_price, Date_check_in_stay, Date_check_out_stay, HN, Employee_id, Receipt_stay_id)
VALUES 
('0267-0011', 7, 800, '2567-01-02', '2567-01-03', '0166-025-2', '01233-9077', '1594-3297'),
('0268-0111', 6, 600, '2567-02-03', '2567-02-05', '044-871', '01744-2210', '0239-2504'),
('0269-1011', 4, 700, '2567-02-07', '2567-02-09', '0115-998-7', '00293-4410', '6920-2104'),
('0270-0011', 5, 700, '2567-02-07', '2567-02-09', '084-612', '02261-0013', '4530-2516');



INSERT INTO RECEIPT_TREATMENT (Receipt_treatment_id, Total_treatment_charges, Payment_treatment_date, Treatment_id)
VALUES 
('0267-0011', 2500.00, '2566-12-19', '1497-1243-6'),
('0156-4522', 1500.00, '2566-12-20', '1675-149-2-4'),
('1642-2301', 2500.00, '2566-12-22', '1245-179-3-5'),
('2492-0245', 3000.00, '2566-12-25', '1879-146-4-8'),
('2852-7752', 2000.00, '2566-12-29', '1179-489-2-2'),
('4562-0257', 2000.00, '2567-02-04', '1489-795-4-4'),
('0417-2352', 1300.00, '2567-02-09', '1789-495-1-6'),
('9027-9045', 900.00, '2567-02-13', '1879-759-4-1'),
('1102-2901', 950.00, '2567-02-18', '1245-156-5-3');


INSERT INTO OWN (Customer_id, HN)
VALUES 
('0267-0011', '0166-025-2'),
('1285-6577', '015-246'),
('011-020', '044-871'),
('0154-3267', '01258-897'),
('0863-4331', '1354-011-3'),
('025-048', '00225-010'),
('087-564', '0115-998-7'),
('182-642', '084-612'),
('3698-8639', '0024-066-1');



INSERT INTO DISPENSING (Prescription_id, Medicine_id, Treatment_id)
VALUES 
('0155-6533', '1124-5633', '1489-795-4-4'),
('1563-3844', '2564-4862', '1789-495-1-6'),
('2448-9952', '2981-7762', '1879-759-4-1'),
('6848-4561', '3002-0011', '1879-146-4-8');
